{
  "Commands": 79,
  "EventGuid": "6748B093CC484FF29204C9E86FBF302F",
  "ClubId": "",
  "AlternativeDataFolder": null,
  "Sessions": [
    {
      "ScoringGroups": [
        {
          "SessionGuid": "6748B093CC484FF29204C9E86FBF302F",
          "ClubId": null,
          "Sections": [
            {
              "SessionGuid": "6748B093CC484FF29204C9E86FBF302F",
              "ScoringGroupNumber": 1,
              "Letters": "A",
              "Name": null,
              "Winners": 1,
              "GameType": 10,
              "EWMoveBeforePlay": 0,
              "MissingPair": 0,
              "KeepBridgematesAlive": false,
              "IsCombiSection": false,
              "NorthSouthPairSectionLetters": null,
              "EastWestPairSectionLetters": null,
              "Tables": [
                {
                  "SessionGuid": "6748B093CC484FF29204C9E86FBF302F",
                  "SectionLetters": "A",
                  "TableNumber": 1,
                  "ConnectionMode": 0,
                  "Rounds": [
                    {
                      "SessionGuid": "6748B093CC484FF29204C9E86FBF302F",
                      "SectionLetters": "A",
                      "TableNumber": 1,
                      "RoundNumber": 1,
                      "LowBoardNumber": 1,
                      "HighBoardNumber": 1,
                      "PairNS": 1,
                      "PairEW": 2,
                      "TeamNS": 0,
                      "TeamEW": 0,
                      "MatesTableSectionLetters": null,
                      "MatesTableTableNumber": 0,
                      "MatesTableRoundNumber": 0,
                      "Updated": false,
                      "ValidationMessages": null
                    },
                    {
                      "SessionGuid": "6748B093CC484FF29204C9E86FBF302F",
                      "SectionLetters": "A",
                      "TableNumber": 1,
                      "RoundNumber": 2,
                      "LowBoardNumber": 2,
                      "HighBoardNumber": 2,
                      "PairNS": 1,
                      "PairEW": 3,
                      "TeamNS": 0,
                      "TeamEW": 0,
                      "MatesTableSectionLetters": null,
                      "MatesTableTableNumber": 0,
                      "MatesTableRoundNumber": 0,
                      "Updated": false,
                      "ValidationMessages": null
                    },
                    {
                      "SessionGuid": "6748B093CC484FF29204C9E86FBF302F",
                      "SectionLetters": "A",
                      "TableNumber": 1,
                      "RoundNumber": 3,
                      "LowBoardNumber": 3,
                      "HighBoardNumber": 3,
                      "PairNS": 1,
                      "PairEW": 4,
                      "TeamNS": 0,
                      "TeamEW": 0,
                      "MatesTableSectionLetters": null,
                      "MatesTableTableNumber": 0,
                      "MatesTableRoundNumber": 0,
                      "Updated": false,
                      "ValidationMessages": null
                    }
                  ],
                  "ValidationMessages": null
                },
                {
                  "SessionGuid": "6748B093CC484FF29204C9E86FBF302F",
                  "SectionLetters": "A",
                  "TableNumber": 2,
                  "ConnectionMode": 0,
                  "Rounds": [
                    {
                      "SessionGuid": "6748B093CC484FF29204C9E86FBF302F",
                      "SectionLetters": "A",
                      "TableNumber": 2,
                      "RoundNumber": 1,
                      "LowBoardNumber": 1,
                      "HighBoardNumber": 1,
                      "PairNS": 3,
                      "PairEW": 4,
                      "TeamNS": 0,
                      "TeamEW": 0,
                      "MatesTableSectionLetters": null,
                      "MatesTableTableNumber": 0,
                      "MatesTableRoundNumber": 0,
                      "Updated": false,
                      "ValidationMessages": null
                    },
                    {
                      "SessionGuid": "6748B093CC484FF29204C9E86FBF302F",
                      "SectionLetters": "A",
                      "TableNumber": 2,
                      "RoundNumber": 2,
                      "LowBoardNumber": 2,
                      "HighBoardNumber": 2,
                      "PairNS": 4,
                      "PairEW": 2,
                      "TeamNS": 0,
                      "TeamEW": 0,
                      "MatesTableSectionLetters": null,
                      "MatesTableTableNumber": 0,
                      "MatesTableRoundNumber": 0,
                      "Updated": false,
                      "ValidationMessages": null
                    },
                    {
                      "SessionGuid": "6748B093CC484FF29204C9E86FBF302F",
                      "SectionLetters": "A",
                      "TableNumber": 2,
                      "RoundNumber": 3,
                      "LowBoardNumber": 3,
                      "HighBoardNumber": 3,
                      "PairNS": 2,
                      "PairEW": 3,
                      "TeamNS": 0,
                      "TeamEW": 0,
                      "MatesTableSectionLetters": null,
                      "MatesTableTableNumber": 0,
                      "MatesTableRoundNumber": 0,
                      "Updated": false,
                      "ValidationMessages": null
                    }
                  ],
                  "ValidationMessages": null
                }
              ],
              "ValidationMessages": null
            }
          ],
          "ScoringGroupNumber": 1,
          "ScoringMethod": 10,
          "Name": null,
          "IsDeleted": false,
          "ValidationMessages": null
        }
      ],
      "EventGuid": "6748B093CC484FF29204C9E86FBF302F",
      "SessionGuid": "6748B093CC484FF29204C9E86FBF302F",
      "Name": "Minimal setup",
      "Year": 2025,
      "Month": 12,
      "Day": 27,
      "Hour": 0,
      "Minute": 0,
      "ShowInApp": true,
      "EWReturnHome": false,
      "PairsMoveAccrossField": false,
      "ValidationMessages": null
    }
  ],
  "PlayerData": [
    {
      "SessionGuid": "6748B093CC484FF29204C9E86FBF302F",
      "ClubId": null,
      "PlayerNumber": "12345678",
      "FirstName": null,
      "LastName": "John Doe",
      "CountryCode": null,
      "ValidationMessages": null
    },
    {
      "SessionGuid": "6748B093CC484FF29204C9E86FBF302F",
      "ClubId": null,
      "PlayerNumber": "12345679",
      "FirstName": null,
      "LastName": "Jane Doe",
      "CountryCode": null,
      "ValidationMessages": null
    },
    {
      "SessionGuid": "6748B093CC484FF29204C9E86FBF302F",
      "ClubId": null,
      "PlayerNumber": "12345671",
      "FirstName": null,
      "LastName": "Brian of Life",
      "CountryCode": null,
      "ValidationMessages": null
    },
    {
      "SessionGuid": "6748B093CC484FF29204C9E86FBF302F",
      "ClubId": null,
      "PlayerNumber": "12345672",
      "FirstName": null,
      "LastName": "Andre Stephens",
      "CountryCode": null,
      "ValidationMessages": null
    }
  ],
  "Participations": [],
  "Handrecords": [],
  "Bridgemate2Settings": [
    {
      "ShowResults": true,
      "ShowOwnResult": true,
      "RepeatResults": false,
      "ShowPercentage": true,
      "GroupSections": false,
      "ScorePoints": 0,
      "EnterResultsMethod": 0,
      "ShowPairNumbers": true,
      "IntermediateResults": false,
      "AutopoweroffTime": 20,
      "VerificationTime": 2,
      "ShowContract": 1,
      "LeadCard": true,
      "MaximumResults": 0,
      "MemberNumbers": true,
      "MemberNumbersNoBlankEntry": true,
      "BoardOrderVerification": true,
      "HandRecordValidation": false,
      "AutoShutDownBPC": false,
      "BM2PINcode": "1111",
      "BM2ConfirmNP": false,
      "BM2RemainingBoards": true,
      "BM2NextSeatings": true,
      "BM2ScoreRecap": true,
      "BM2AutoShowScoreRecap": false,
      "BM2ScoreCorrection": false,
      "BM2AutoBoardNumber": true,
      "BM2FirstBoardManually": false,
      "BM2ValidateLeadCard": false,
      "BM2ResultsOverview": 0,
      "BM2ShowPlayerNames": 1,
      "BM2Ranking": 1,
      "BM2GameSummary": false,
      "BM2SummaryPoints": 1,
      "BM2PairNumberEntry": 2,
      "BM2ResetFunctionKey": true,
      "BM2RecordBidding": false,
      "BM2RecordPlay": false,
      "BM2ValidateRecording": false,
      "BM2ShowHands": false,
      "NumberValidation": 0,
      "BM2NumberEntryEachRound": false,
      "BM2NumberEntryPreloadValues": false,
      "BM2NameSource": 0,
      "BM2ViewHandRecord": false,
      "BM2EnterHandRecord": false,
      "BM2EnterHandRecordWhen": 1,
      "BM2TextBasedNumber": false,
      "BM2TDCall": true,
      "SessionGuid": "6748B093CC484FF29204C9E86FBF302F",
      "SectionLetters": "A",
      "ValidationMessages": null
    }
  ],
  "Bridgemate3Settings": [
    {
      "BM3ScreenBrightness": 6,
      "BM3ScreenDimMode": 2,
      "BM3ScreenOffMode": 4,
      "BM3SleepMode": 120,
      "BM3AudioVolume": 2,
      "BM3Language": 1,
      "BM3PINcode": "1111",
      "BM3ConfirmNP": 0,
      "BM3TDCall": 1,
      "BM3ResultMethod": 0,
      "BM3BoardResultReentry": 1,
      "BM3LeadCardEntry": 1,
      "BM3PlayerNumberEntry": 2,
      "BM3PlayerNumberEntryDuringPlay": 0,
      "BM3StartingPositions": 1,
      "BM3PlayerView": 1,
      "BM3Ranking": 3,
      "BM3NextSeatings": 1,
      "BM3ScoreRecap": 2,
      "BM3ViewResults": 2,
      "BM3ScoreColum": 0,
      "BMViewPercentages": 1,
      "BM3ViewHandrecord": 0,
      "BM3EnterHandrecord": 0,
      "SessionGuid": "6748B093CC484FF29204C9E86FBF302F",
      "SectionLetters": "A",
      "ValidationMessages": null
    }
  ],
  "ValidationMessages": null
}